Iter,Makespan
10,"[131. 112. 141. 144. 138. 143. 111. 160. 127. 135. 143. 156. 124. 182.
 155. 163. 130. 153. 116. 157. 154. 156. 145. 155. 119. 130. 147. 112.
 126. 115. 170. 124. 132. 122. 145. 182. 144. 129. 139. 106. 147. 139.
 131. 122. 132. 158. 136. 166. 157. 110. 152. 113. 129. 159. 124. 126.
 134. 122. 140. 131. 180. 145. 128. 170. 139. 141. 143. 118. 167. 130.
 175. 126. 127. 167. 129. 139. 138. 133. 132. 141. 132. 129. 141. 198.
 186. 146. 142. 155. 139. 171. 125. 129. 132. 162. 150. 137. 161. 137.
 120. 129.]"
20,"[146. 125. 118. 136. 148. 143. 117. 114. 123. 111. 125. 172. 114. 134.
 162. 150. 127. 151. 114. 151. 119. 113. 129. 122. 138. 124. 130. 114.
 133. 124. 115. 117. 141. 111. 127. 113. 132. 118. 115. 113. 131. 134.
 156. 120. 129. 141. 128. 148. 128. 115. 121. 110. 115. 126. 119. 131.
 127. 129. 143. 108. 113. 119. 119. 136. 122. 138. 122. 121. 130. 141.
 145. 126. 140. 100. 125. 154. 114. 154. 120. 116. 144. 138. 129. 172.
 138. 126. 146. 146. 120. 147. 105. 107. 120. 158. 140. 130. 190. 127.
 118. 136.]"
30,"[119. 134. 116. 136. 144. 161. 112. 111. 125. 105. 119. 130. 106. 138.
 134. 147. 122. 142. 125. 144. 130. 121. 108. 125. 143. 119. 123. 111.
 127. 123. 151. 108. 133. 118. 135. 113. 125. 122. 111. 108. 131. 132.
 147. 123. 134. 155. 131. 127. 142. 123. 140. 109. 129. 124. 117. 135.
 136. 122. 125. 109. 122. 127. 108. 138. 119. 131. 127. 127. 131. 140.
 136. 144. 135. 126. 132. 144. 133. 156. 121.  98. 144. 148. 150. 169.
 132. 126. 138. 151. 146. 150. 103.  95. 127. 141. 140. 125. 149. 124.
 118. 120.]"
40,"[140. 116. 130. 130. 135. 150.  99. 116. 132. 116. 144. 156. 108. 149.
 139. 143. 128. 133. 119. 153. 129. 118. 118. 140. 133. 124. 146. 103.
 133. 106. 122. 112. 129. 100. 137. 137. 138. 111. 128.  94. 129. 132.
 124. 125. 152. 158. 126. 129. 162.  93. 130. 120. 122. 148. 105. 148.
 123. 105. 128. 123. 123. 112. 139. 141. 136. 158. 117. 113. 169. 138.
 139. 121. 121. 139. 126. 132. 128. 130. 119. 124. 172. 142. 152. 158.
 133. 145. 157. 121. 153. 146. 131. 123.  96. 141. 136. 141. 132. 138.
 136. 146.]"
50,"[126. 128. 121. 129. 149. 135. 104. 127. 129. 108. 132. 135. 124. 154.
 132. 138. 114. 150. 137. 153. 143. 116. 117. 127. 123. 113. 126.  93.
 114. 124. 142. 101. 148. 107. 119. 153. 120. 110. 122. 110. 151. 147.
 114. 125. 127. 136. 116. 123. 131.  95. 122. 124. 118. 129. 121. 136.
 123. 107. 132. 126. 121. 120. 108. 138. 132. 168. 136. 118. 142. 132.
 126. 122. 138. 130. 114. 153. 142. 111. 122. 131. 149. 137. 144. 158.
 177. 130. 139. 149. 129. 136. 121. 148.  89. 153. 131. 137. 139. 133.
 129. 136.]"
60,"[133. 140. 104. 137. 139. 121. 101. 105. 128. 103. 105. 131. 107. 166.
 141. 130. 111. 120. 125. 134. 122. 123. 113. 126. 131. 116. 124. 103.
 124. 113. 133. 115. 124.  96. 116. 114. 124. 102. 117. 102. 153. 117.
 111. 119. 129. 141. 126. 135. 117.  95. 124.  97. 112. 126. 100. 113.
 131. 124. 122. 116. 110. 120. 110. 141. 112. 121. 115. 110. 154. 118.
 150. 119. 118. 142. 110. 120. 118. 111. 117.  98. 144. 144. 120. 153.
 128. 129. 128. 137. 113. 120. 139. 127.  96. 142. 136. 120. 133. 126.
 116. 131.]"
70,"[116. 114. 106. 126. 139. 136. 100. 105. 132. 104. 107. 137. 120. 139.
 135. 133. 113. 130. 115. 126. 131. 120. 113. 121. 116. 117. 127. 102.
 109. 114. 111. 106. 122. 101. 125. 120. 115. 107. 113.  98. 145. 118.
 106. 124. 123. 145. 136. 119. 136.  99. 117. 100. 120. 126. 112. 125.
 114. 114. 125. 110. 107. 116. 108. 122. 116. 114. 119. 117. 142. 133.
 134. 113. 134. 145. 121. 119. 114. 110. 117. 101. 128. 139. 129. 155.
 135. 130. 131. 130. 119. 123. 125. 124.  96. 125. 129. 135. 141. 123.
 115. 140.]"
80,"[116. 117. 104. 124. 147. 127. 101. 106. 110. 102. 105. 140. 113. 138.
 124. 126. 108. 137. 103. 128. 120. 109. 116. 113. 119. 116. 130.  99.
 108. 117. 125.  98. 115. 103. 125. 114. 120. 112. 112.  90. 124. 125.
 117. 133. 132. 134. 119. 119. 120.  91. 122.  90. 120. 119. 106. 122.
 122. 113. 129. 103. 110. 113. 109. 133. 129. 120. 118. 119. 128. 120.
 129. 105. 118. 120. 126. 128. 121. 124. 113.  93. 128. 130. 114. 148.
 124. 124. 124. 128. 111. 132. 104. 115.  92. 129. 148. 119. 135. 117.
 115. 140.]"
90,"[119. 109. 105. 118. 130. 124. 100. 108. 106. 101. 108. 133. 108. 145.
 128. 121. 101. 124. 103. 123. 109. 118. 113. 122. 109. 108. 106. 102.
 113. 104. 106. 107. 125.  96. 119. 109. 111. 108. 101.  98. 124. 120.
 102. 130. 128. 117. 124. 129. 115.  88. 120.  89. 103. 119. 102. 110.
 106. 125. 144. 103. 100. 108. 104. 124. 111. 115. 104. 115. 129. 126.
 125. 110. 114. 107. 118. 121. 128. 118. 119. 103. 114. 124. 105. 132.
 118. 126. 125. 116. 108. 118. 104. 111.  97. 117. 138. 117. 130. 115.
 107. 136.]"
100,"[112. 114. 110. 115. 129. 116.  98. 104. 106.  95. 104. 135. 113. 136.
 124. 112. 105. 125. 100. 127. 117. 113. 112. 117. 113. 104. 111. 107.
 111. 113. 101.  96. 113.  95. 120. 111. 117.  94. 101. 100. 113. 126.
 111. 117. 116. 123. 119. 112. 111.  98. 112.  87. 103. 119. 103. 103.
 114. 117. 122. 103.  99. 104. 107. 126. 113. 113.  99. 109. 121. 118.
 128. 111. 114.  99. 109. 119. 108. 116. 114. 104. 112. 133. 103. 136.
 132. 117. 123. 115. 112. 123. 105.  98.  86. 119. 131. 117. 129. 120.
 106. 132.]"
110,"[114. 107.  94. 115. 129. 117.  99. 102. 107.  91. 109. 135. 101. 136.
 122. 116.  99. 118. 101. 128. 104. 102. 115. 111. 110.  99. 111.  98.
 108. 103. 110.  99. 110. 101. 120. 105. 120.  95.  98.  94. 118. 118.
 105. 111. 110. 127. 112. 116. 116.  91. 114.  90. 102. 118. 110. 106.
 113. 116. 139. 102. 105. 101. 109. 118. 115. 127. 107. 101. 124. 114.
 121. 118. 109.  99. 113. 124. 124. 108. 113. 104. 121. 121. 108. 130.
 118. 130. 133. 124. 107. 121.  98. 104.  90. 118. 126. 123. 126. 112.
 104. 123.]"
120,"[118. 105.  97. 126. 131. 130. 101. 104. 119.  95. 108. 131. 105. 129.
 133. 115. 101. 121. 104. 124. 117. 115. 115. 119. 117. 100. 114.  96.
 104. 104. 105.  94. 111.  96. 110. 101. 112.  97. 109. 105. 126. 120.
 121. 117. 122. 123. 121. 120. 110. 100. 128.  90. 105. 126. 105. 115.
 113. 110. 121. 102. 116. 107.  99. 127. 112. 114. 103. 106. 122. 105.
 129. 108. 112. 101. 121. 132. 114. 113. 113. 107. 128. 134. 110. 127.
 131. 125. 147. 131. 106. 117. 106. 111.  93. 116. 128. 119. 120. 122.
 102. 119.]"
130,"[112. 107.  97. 128. 121. 123. 102. 102. 118.  91. 106. 123. 103. 125.
 120. 117. 112. 120. 101. 120. 112. 118. 115. 108. 109. 101. 107.  86.
 107. 110. 104.  95. 113.  95. 117. 108. 104.  92. 110.  94. 117. 118.
 121. 106. 115. 128. 115. 118. 110.  98. 122.  90. 102. 118.  94. 109.
 106. 116. 125.  95.  93. 102.  94. 119. 116. 116. 101. 105. 121. 102.
 127. 113. 110.  96. 117. 119. 115. 114. 111. 105. 119. 124. 107. 136.
 124. 130. 129. 114. 104. 119.  99. 106.  92. 119. 128. 112. 127. 117.
 107. 131.]"
140,"[118. 111.  94. 121. 139. 119.  98. 114. 115.  93. 107. 128. 107. 123.
 121. 114. 102. 118. 103. 125. 107. 104. 102. 114. 116.  98. 110.  90.
 109. 103. 102.  99. 114.  98. 103. 106. 114.  99.  95.  89. 121. 113.
 104. 116. 112. 125. 119. 113. 110.  96. 125.  87. 104. 112. 101. 124.
 107.  93. 143.  97. 107. 110.  91. 117. 115. 113. 103. 112. 115. 106.
 128. 104. 112.  99. 108. 115. 113. 116. 112.  91. 110. 126. 105. 132.
 118. 116. 129. 120. 104. 115. 107.  98.  88. 112. 122. 116. 136. 109.
 101. 119.]"
150,"[115. 107. 102. 115. 133. 123. 101. 102. 112.  93. 100. 126. 101. 127.
 121. 111. 102. 115. 102. 125. 106. 106. 107. 108. 117. 106. 107.  86.
 108. 104. 104.  98. 111.  93. 106. 104. 109.  94. 100.  91. 120. 118.
 104. 112. 119. 124. 112. 120. 110.  95. 119.  82. 103. 117. 101. 108.
 111. 126. 130. 101.  95. 103. 103. 124. 113. 112. 108. 108. 121. 113.
 126. 106. 107. 101. 113. 129. 126. 107. 111. 101. 116. 129. 104. 129.
 118. 117. 137. 126. 101. 118.  91. 106.  90. 125. 138. 115. 123. 121.
 101. 120.]"
160,"[117. 107. 107. 125. 129. 130. 100. 101. 115.  92. 105. 125. 107. 125.
 123. 116. 100. 124.  99. 123. 103. 110. 108. 111. 119. 101. 112.  94.
 113. 109. 108.  99. 113.  97. 101. 105. 107. 102. 101.  97. 120. 122.
 105. 107. 124. 121. 117. 117. 116.  95. 113.  86. 103. 127.  99. 108.
 115. 119. 123.  93.  95. 102. 102. 122. 109. 116. 105. 109. 121. 113.
 127. 108. 115.  95. 110. 129. 119. 113. 118. 105. 112. 124. 107. 129.
 119. 116. 134. 118. 102. 117. 118. 106.  86. 125. 141. 127. 121. 109.
 110. 137.]"
170,"[114. 105. 105. 132. 122. 127.  96.  97. 105.  88. 105. 128. 103. 125.
 126. 110.  98. 121. 103. 120. 103. 106. 106. 109. 109. 103. 108.  90.
 109.  98. 105.  95. 114. 101. 106. 106. 101.  95.  97.  89. 120. 113.
 104. 111. 112. 123. 115. 122. 112.  91. 114.  87. 102. 116. 101. 106.
 111.  99. 120.  95. 102. 102.  92. 125. 112. 116. 108. 115. 121. 110.
 130. 102. 107. 106. 114. 122. 110. 112. 106.  92. 121. 120. 105. 143.
 115. 116. 125. 124. 103. 121.  97. 106.  90. 130. 140. 113. 125. 120.
 102. 126.]"
180,"[110. 105. 102. 125. 127. 124. 100. 100. 119. 102. 103. 126. 100. 125.
 124. 114.  96. 122. 101. 123. 110. 106. 116. 114. 109. 102. 104.  91.
 111. 100. 113.  97. 111.  98. 118. 103. 107.  99. 101.  90. 125. 111.
 104. 113. 126. 118. 110. 118. 112.  95. 115.  90.  98. 117.  98. 106.
 114.  94. 121.  97. 102. 100.  97. 134. 113. 114.  98. 101. 121. 103.
 122. 101. 104. 100. 108. 119. 116. 111. 109.  91. 112. 119. 104. 127.
 119. 118. 129. 131. 106. 116.  97. 105.  84. 130. 133. 125. 128. 121.
 104. 131.]"
190,"[113. 112.  98. 116. 116. 121. 100.  97. 105.  95. 102. 126.  99. 116.
 121. 112.  98. 112.  98. 128. 102. 109. 101. 114. 115.  99. 107.  88.
 112. 104. 102. 100. 109.  91. 104. 106. 103. 100. 101.  91. 125. 114.
 108. 108. 121. 120. 114. 111. 110.  97. 115.  87.  98. 110.  95. 104.
 104.  96. 115.  96.  94. 104.  98. 116. 115. 117. 106. 110. 120. 105.
 124. 105. 112.  95. 108. 116. 103. 109. 109. 101. 107. 118. 104. 126.
 116. 119. 117. 113. 106. 121.  93.  97.  86. 114. 123. 116. 121. 113.
 102. 122.]"
200,"[111. 105.  99. 116. 135. 123.  97.  97. 103.  92. 103. 125.  96. 120.
 119. 112.  98. 110. 102. 128. 114. 107. 101. 108. 110.  96. 109.  85.
 107. 102. 104.  91. 110.  97. 105. 112. 107.  94.  98.  89. 121. 112.
 107. 112. 120. 121. 114. 107. 113.  95. 112.  85.  97. 115.  97. 107.
 106.  95. 120.  92.  94. 103. 103. 118. 110. 113. 103. 103. 120. 105.
 123. 106. 105.  97. 110. 121. 109. 113. 108.  95. 119. 118. 111. 133.
 117. 111. 121. 116. 106. 116.  97.  98.  89. 111. 126. 115. 124. 107.
 102. 120.]"
210,"[112. 107.  95. 111. 120. 121. 104.  98. 103.  92. 103. 127. 100. 116.
 120. 110.  99. 108. 101. 131. 103. 108. 103. 111. 110.  98. 111.  91.
 111. 103. 105.  94. 108.  95. 107. 108. 107.  97.  98.  90. 121. 114.
 114. 108. 121. 122. 113. 114. 114.  91. 114.  85. 101. 115. 100. 108.
 107. 109. 126.  94.  94. 101.  97. 126. 113. 117. 101. 101. 120. 108.
 121. 109. 105.  97. 107. 114. 110. 109. 105.  87. 111. 118. 106. 128.
 114. 118. 127. 112. 108. 116.  98.  97.  90. 117. 125. 112. 125. 106.
  99. 118.]"
220,"[113. 108. 100. 118. 119. 117.  99.  94. 105.  97. 108. 123. 102. 115.
 121. 109.  97. 109. 100. 127. 103. 105. 100. 112. 115. 101. 111.  88.
 105. 108. 106.  93. 114.  94. 108. 105. 105.  97. 105.  91. 117. 116.
 111. 112. 120. 120. 113. 108. 111. 108. 115.  81. 105. 114.  92. 105.
 110.  98. 122.  96.  91. 108.  92. 117. 113. 116. 100. 100. 123. 105.
 123. 106. 109. 101. 107. 114. 107. 112. 104.  93. 119. 123. 108. 126.
 116. 116. 126. 117. 106. 116.  96.  96.  86. 113. 119. 115. 122. 106.
 106. 117.]"
230,"[116. 105. 102. 113. 121. 121.  97.  99. 110.  91. 106. 124.  97. 120.
 121. 107. 100. 114. 104. 131. 108. 110. 102. 118. 118. 101. 105.  93.
 106. 104. 108.  94. 113.  89. 103. 104. 101.  97. 103.  89. 115. 116.
 109. 112. 126. 121. 114. 111. 113.  95. 112.  84. 100. 115. 102. 107.
 105. 103. 116.  91.  99. 105.  97. 125. 113. 116. 106. 112. 119. 108.
 118. 105. 105.  97. 108. 121. 107. 116. 112.  98. 119. 118. 104. 135.
 113. 111. 126. 124. 104. 114.  92.  96.  92. 116. 124. 110. 122. 112.
 103. 113.]"
240,"[111. 109.  95. 118. 131. 121.  94. 100. 102.  97. 105. 122.  98. 114.
 118. 111.  98. 116. 101. 133. 107. 107. 103. 113. 110. 101. 105.  89.
 112. 108. 108.  99. 111.  88. 105. 107. 111.  96.  96.  97. 124. 115.
 108. 110. 110. 117. 112. 112. 109.  95. 108.  81.  97. 111. 107. 105.
 107. 103. 113.  94.  95. 102.  91. 119. 109. 114. 103. 110. 117. 111.
 121. 111. 107.  94. 105. 119. 103. 110. 107.  84. 112. 115. 111. 132.
 111. 110. 119. 122. 102. 114.  93. 102.  91. 118. 120. 117. 126. 111.
  99. 123.]"
250,"[112. 102. 102. 119. 118. 123.  98.  94. 107.  91. 104. 125.  94. 132.
 117. 112. 100. 113.  98. 124. 104. 102.  98. 116. 111.  95. 110.  85.
 111. 108. 104.  93. 104.  90.  99. 102. 105. 111. 106.  91. 123. 117.
 109. 113. 117. 120. 117. 119. 109.  91. 111.  93. 100. 114.  97. 121.
 111.  96. 120.  94.  94. 105.  95. 116. 110. 116. 106. 108. 114. 108.
 132. 111. 110.  96. 115. 117. 102. 111. 116.  94. 113. 119. 108. 135.
 113. 115. 129. 119. 107. 118.  91.  96.  92. 121. 124. 115. 121. 114.
 108. 115.]"
260,"[118. 112.  97. 125. 121. 119.  95.  98. 110.  95. 107. 124.  98. 114.
 120. 114.  99. 114. 106. 127. 103. 108. 105. 114. 113.  94. 111.  88.
 110. 108. 117.  91. 107.  93. 108. 112. 105.  95.  95.  90. 125. 116.
 105. 115. 121. 121. 113. 110. 110.  99. 112.  82. 101. 118. 107. 114.
 108.  99. 125.  94.  99. 105.  94. 123. 113. 117. 104. 107. 117. 110.
 122. 109. 114.  96. 118. 114. 114. 108. 117.  91. 118. 125. 105. 124.
 115. 109. 120. 124. 106. 112.  93.  94.  91. 120. 114. 116. 129. 110.
 103. 119.]"
270,"[111. 110.  96. 114. 131. 123. 105.  97. 110.  91. 105. 128.  95. 126.
 118. 114. 108. 113. 106. 121. 113. 106. 114. 113. 110.  96. 111.  88.
 110. 106. 121.  93. 115.  89. 102. 100. 104. 100.  98.  93. 117. 121.
 106. 108. 122. 125. 114. 108. 109.  93. 115.  85.  97. 116. 105. 104.
 110. 111. 120. 100.  96. 103. 104. 118. 111. 116. 102. 106. 123. 114.
 124. 110. 111.  98. 115. 121. 119. 111. 111.  90. 115. 117. 108. 128.
 119. 112. 122. 114. 106. 118.  96. 102.  91. 119. 122. 112. 124. 119.
 103. 120.]"
280,"[108. 106.  94. 112. 124. 118. 101. 107. 103.  96. 108. 127.  97. 137.
 126. 114.  99. 108. 100. 118. 109. 110. 103. 109. 109. 101. 117.  97.
 112. 103. 106.  93. 113.  97.  98. 100. 107. 105.  95.  93. 117. 115.
 106. 112. 124. 123. 113. 108. 110.  91. 111.  85. 102. 115.  93. 109.
 106. 100. 120.  92.  93. 108.  94. 119. 118. 115. 104. 108. 119. 110.
 124. 105. 112.  99. 107. 119. 114. 108. 113.  94. 117. 125. 113. 127.
 117. 111. 119. 124. 111. 119.  95. 105.  85. 118. 126. 115. 125. 112.
 103. 118.]"
290,"[116. 112.  95. 124. 122. 122. 100. 101. 110.  94. 103. 128.  97. 122.
 125. 113. 101. 121.  99. 125. 105. 104.  99. 112. 110.  99. 105.  86.
 108. 104. 107.  94. 111.  91. 101. 107. 107.  98. 101.  92. 118. 112.
 109. 104. 118. 120. 112. 115. 111.  91. 115.  86. 101. 114.  97. 106.
 110. 104. 120.  96.  92. 102.  92. 121. 113. 114. 103.  99. 119. 110.
 125. 104. 106.  99. 118. 113. 115. 112. 111.  93. 116. 120. 108. 130.
 114. 115. 127. 115. 111. 118. 101.  96.  87. 111. 126. 111. 126. 117.
 106. 116.]"
300,"[112. 105. 104. 109. 131. 118. 100. 100. 108.  93. 104. 131.  98. 123.
 126. 111. 103. 117. 104. 120. 108. 107. 109. 115. 112. 102. 106.  87.
 107. 100. 107.  92. 114.  93. 108. 104. 110. 106. 105.  89. 118. 119.
 104. 110. 125. 124. 112. 108. 112. 103. 118.  84.  99. 115.  97. 112.
 116. 101. 118.  99.  88. 102.  92. 124. 106. 111. 107. 105. 118. 104.
 123. 105. 111.  96. 111. 116. 110. 108. 108.  95. 112. 120. 111. 124.
 117. 120. 124. 117. 106. 114.  98. 104.  89. 117. 132. 113. 128. 113.
 106. 124.]"
310,"[116. 107. 108. 115. 121. 121. 100.  98. 108. 101. 105. 125. 103. 125.
 120. 111.  97. 124.  98. 122. 105. 109. 101. 106. 109.  97. 107.  88.
 113. 100. 105.  97. 115.  87. 103. 104. 107. 100.  96.  95. 118. 114.
 109. 109. 120. 119. 112. 112. 114.  99. 109.  84. 101. 114.  98. 107.
 112. 103. 134.  92.  99. 102. 100. 117. 108. 113. 104. 105. 119. 110.
 128. 105. 112.  96. 105. 117. 114. 114. 109. 103. 110. 120. 106. 129.
 115. 120. 123. 117. 103. 112.  97.  96.  87. 117. 118. 112. 128. 105.
 105. 127.]"
320,"[106. 110.  98. 116. 124. 116.  98. 101. 111.  95. 100. 130.  97. 122.
 120. 131.  98. 117.  99. 121. 119. 111. 100. 110. 118.  98. 108.  88.
 113. 100. 108.  93. 112.  94. 101. 103. 103. 100.  96.  85. 121. 113.
 107. 111. 120. 125. 112. 111. 108.  92. 112.  88.  99. 114. 102. 106.
 103. 103. 129.  99. 108. 102. 100. 121. 110. 112. 102. 107. 115. 105.
 129. 105. 106.  96. 109. 120. 116. 111. 111.  87. 120. 121. 110. 127.
 119. 119. 120. 119. 105. 112.  95. 106.  88. 114. 120. 113. 122. 115.
 105. 119.]"
330,"[114. 110.  99. 123. 121. 117.  96.  98. 103.  93. 106. 131.  96. 120.
 120. 116.  99. 118. 103. 123. 119. 113. 109. 110. 107.  98. 112.  89.
 108. 100. 110.  96. 114.  90. 107. 104. 114.  97.  96.  87. 121. 121.
 104. 116. 125. 121. 118. 110. 106.  91. 115.  86. 101. 113. 100. 106.
 102. 107. 133.  99.  94. 105.  95. 118. 114. 115. 102. 106. 124. 110.
 125. 104. 109. 105. 112. 114. 102. 112. 113.  88. 114. 119. 110. 124.
 116. 119. 122. 128. 106. 113.  97. 100.  88. 127. 117. 114. 125. 108.
 106. 115.]"
340,"[109. 111. 101. 112. 125. 121.  99.  97. 117.  95. 102. 128. 102. 121.
 121. 129. 101. 117. 101. 131. 106. 108. 103. 115. 107.  98. 107.  88.
 105.  98. 109.  93. 113.  92. 101. 103. 105.  95. 101.  86. 124. 115.
 105. 105. 121. 120. 115. 120. 112.  91. 113.  87. 106. 110.  96. 111.
 112. 107. 128.  91.  95. 104. 106. 121. 108. 120.  98. 107. 117. 112.
 124. 106. 107.  95. 108. 115. 112. 115. 115.  91. 112. 127. 116. 130.
 114. 113. 119. 131. 104. 121.  90.  97.  90. 117. 119. 118. 129. 113.
 100. 120.]"
350,"[121. 110. 103. 116. 118. 125.  97.  96. 103.  92. 104. 126.  98. 118.
 121. 114.  98. 117. 105. 121. 104. 106.  98. 113. 110.  96. 106.  87.
 108. 105. 103. 105. 114.  87. 102. 110. 103. 106.  94.  89. 127. 111.
 108. 110. 118. 118. 112. 108. 112.  95. 114.  83. 103. 110.  96. 113.
 106. 101. 126.  97. 103. 104. 100. 123. 109. 116. 110. 103. 119. 112.
 126. 103. 110.  97. 107. 115. 114. 109. 109.  93. 120. 117. 104. 133.
 115. 108. 123. 115. 102. 117.  93. 100.  88. 119. 120. 113. 122. 110.
 100. 119.]"
360,"[109. 108.  95. 116. 124. 121.  97.  94. 115. 101. 103. 126.  96. 114.
 123. 111.  96. 117.  98. 119. 108. 110. 101. 109. 116.  98. 115.  88.
 107. 104. 102.  96. 112.  96. 106. 104. 104.  92.  95.  88. 119. 117.
 106. 109. 116. 120. 111. 111. 111.  95. 111.  85. 104. 116.  95. 105.
 107.  98. 115.  94.  99. 110.  92. 121. 116. 114. 101. 104. 119. 104.
 127. 110. 110.  96. 112. 115. 105. 110. 111.  93. 114. 124. 111. 128.
 116. 115. 118. 120. 103. 115.  94. 103.  85. 120. 117. 113. 128. 107.
  99. 118.]"
370,"[110. 115.  94. 108. 122. 125.  93.  98. 108. 102. 103. 126. 100. 119.
 116. 109.  98. 117.  99. 129. 120. 107. 102. 112. 105.  99. 106.  89.
 115. 101. 106.  88. 117.  92.  99. 106. 102.  97.  98.  93. 123. 116.
 109. 108. 112. 121. 123. 111. 108. 103. 112.  83. 103. 112.  94. 106.
 106.  98. 132.  92.  92. 103.  95. 112. 111. 113. 101. 108. 119. 106.
 126. 107. 110.  94. 112. 120. 117. 108. 103.  85. 114. 122. 104. 134.
 113. 115. 125. 120. 102. 116.  93. 105.  86. 119. 115. 113. 126. 108.
 103. 117.]"
380,"[114. 110. 101. 113. 119. 122. 100.  99. 106.  95. 103. 126.  93. 125.
 120. 110. 101. 121. 101. 121. 111. 104. 104. 111. 109.  99. 111.  86.
 112. 107. 108. 100. 112.  89. 101. 104. 107.  95. 105.  86. 116. 115.
 110. 107. 123. 125. 115. 113. 110.  91. 110.  81. 105. 112.  99. 109.
 116. 101. 122.  95.  91. 102. 108. 121. 107. 119. 107. 104. 117. 106.
 122. 108. 106. 100. 108. 118. 102. 114. 110.  93. 109. 122. 108. 130.
 115. 118. 120. 124. 101. 112.  95.  96.  85. 119. 120. 113. 123. 111.
 100. 118.]"
390,"[111. 109.  98. 120. 121. 122. 100.  98. 102.  95. 105. 129. 100. 133.
 119. 114. 101. 114. 103. 131. 103. 111. 102. 114. 114. 100. 110.  93.
 106. 107. 104.  96. 115.  95. 106. 107. 108.  99.  98.  91. 114. 114.
 106. 108. 122. 121. 108. 102. 112.  92. 113.  83. 102. 121. 100. 112.
 109. 105. 124.  94.  86. 105.  92. 118. 111. 121. 106. 102. 121. 112.
 120. 100. 113.  96. 111. 115. 100. 116. 111.  98. 111. 119. 107. 132.
 119. 112. 123. 117. 105. 116.  95.  96.  85. 120. 122. 116. 126. 108.
 100. 117.]"
400,"[107. 108.  96. 115. 115. 123.  98.  95. 114.  96. 107. 126.  98. 130.
 128. 129. 101. 119. 103. 128. 104. 109. 102. 111. 110.  93. 116.  94.
 109.  98. 106.  99. 112.  91.  99. 107. 103.  97. 104.  97. 135. 114.
 105. 110. 137. 119. 112. 119. 111. 106. 117.  82. 100. 113. 101. 107.
 109.  97. 123.  95.  89. 106. 103. 122. 107. 114. 102. 106. 122. 103.
 128. 104. 108. 102. 106. 116. 112. 107. 112.  98. 120. 116. 108. 127.
 118. 114. 121. 137. 106. 120.  93. 112.  84. 114. 122. 112. 120. 111.
 103. 115.]"
410,"[111. 112.  94. 116. 122. 124.  99.  96. 109.  90. 112. 124. 100. 118.
 119. 115. 101. 114. 108. 121. 106. 107. 102. 117. 107.  95. 106.  87.
 106. 103. 102.  95. 108.  89. 102. 101. 107.  98.  99.  90. 121. 114.
 108. 110. 108. 118. 116. 109. 112.  92. 121.  80. 105. 114. 100. 109.
 108. 102. 116.  98.  93. 102.  93. 121. 112. 117. 109. 110. 117. 110.
 122. 102. 106.  93. 109. 118. 100. 106. 110.  93. 115. 116. 107. 132.
 112. 114. 122. 131. 106. 116.  90.  95.  87. 117. 122. 112. 123. 113.
 101. 123.]"
420,"[113. 111.  99. 113. 123. 119.  97. 101. 107.  94. 106. 127. 102. 130.
 141. 114.  98. 114. 100. 121. 105. 111. 105. 109. 114.  99. 112.  95.
 108. 104. 109. 100. 116.  87. 100. 108. 103. 100.  98.  86. 121. 123.
 108. 109. 114. 125. 113. 114. 109.  91. 114.  91. 101. 120.  99. 108.
 106.  96. 119.  95.  92. 101. 100. 118. 108. 114.  98. 105. 122. 106.
 125.  99. 113.  98. 106. 115. 105. 111. 104.  95. 117. 119. 106. 122.
 112. 118. 119. 133. 105. 117.  93. 103.  86. 119. 121. 114. 118. 109.
 102. 126.]"
430,"[111. 109.  99. 118. 119. 119.  95. 103. 103.  97. 107. 127. 101. 129.
 126. 142. 101. 114. 101. 122. 106. 110. 105. 115. 106.  98. 107.  87.
 105. 102. 105.  95. 111.  97. 106. 105. 112. 103. 101.  90. 120. 112.
 106. 110. 115. 122. 112. 118. 110.  94. 114.  83. 100. 119. 103. 104.
 105.  96. 128.  99.  98. 107.  98. 121. 112. 118. 101. 108. 118. 112.
 121. 101. 109.  98. 108. 118. 114. 113. 114.  91. 110. 119. 108. 133.
 118. 119. 122. 131. 108. 116.  97. 105.  89. 115. 119. 111. 122. 115.
 101. 123.]"
440,"[111. 109.  98. 118. 132. 119. 100.  95. 115.  97. 103. 128.  96. 129.
 123. 142. 101. 114. 103. 123. 113. 105. 101. 117. 113. 101. 107.  85.
 105. 104. 114.  96. 111.  99. 104. 106. 107. 105.  99.  89. 120. 112.
 106. 111. 126. 125. 112. 114. 111.  96. 120.  81. 101. 127. 100. 111.
 105.  98. 114.  96.  97. 100. 101. 120. 113. 121. 107. 109. 117. 112.
 122. 100. 113. 104. 105. 122. 124. 114. 110.  96. 111. 119. 110. 127.
 116. 116. 118. 130. 104. 113.  96. 103.  90. 116. 126. 114. 122. 112.
 104. 136.]"
450,"[107. 106.  94. 120. 118. 122.  97.  97. 106.  96. 105. 121.  94. 125.
 124. 112. 103. 114. 103. 118. 111. 103. 104. 113. 117. 101. 111.  88.
 112. 105. 107. 100. 114.  93. 106. 105. 104.  97.  99.  93. 116. 112.
 111. 111. 128. 125. 113. 106. 111.  97. 112.  82.  97. 127. 103. 112.
 105.  97. 126.  96.  88. 100.  94. 117. 111. 109. 100. 105. 123. 111.
 118. 100. 111. 102. 109. 121. 121. 113. 110.  92. 112. 118. 107. 129.
 114. 116. 118. 123. 103. 115. 100. 101.  89. 115. 119. 113. 127. 105.
 101. 116.]"
460,"[118. 107.  98. 117. 120. 121.  97.  98. 109.  94. 103. 123. 100. 135.
 122. 109. 100. 120. 104. 123. 111. 111. 103. 113. 115. 106. 109.  91.
 109. 104. 105. 101. 108.  88.  99. 106. 107.  93. 100.  85. 118. 113.
 105. 118. 105. 119. 114. 106. 112.  92. 114.  80.  97. 112.  95. 105.
 107.  93. 121. 100.  90. 110.  96. 124. 103. 119. 107. 104. 125. 112.
 124. 103. 115.  96. 106. 116. 117. 108. 112.  91. 112. 119. 113. 129.
 116. 114. 123. 126. 107. 117.  96. 106.  89. 119. 123. 112. 127. 111.
 104. 117.]"
470,"[116. 109.  98. 119. 118. 122.  98. 102. 107.  94. 100. 122.  97. 122.
 123. 110. 101. 110.  99. 121. 112. 109. 100. 112. 110.  99. 107.  89.
 109. 100. 102. 104. 110.  89. 104. 103. 108. 100. 101.  88. 119. 123.
 105. 107. 123. 125. 120. 118. 109.  91. 111.  83. 102. 130.  99. 109.
 107. 101. 133.  99.  90. 107.  98. 117. 119. 116. 104. 107. 122. 112.
 124. 106. 115.  98. 103. 119. 105. 110. 106.  87. 112. 122. 109. 132.
 113. 122. 122. 133. 106. 114.  96. 101.  87. 117. 130. 109. 123. 110.
 103. 118.]"
480,"[118. 112.  95. 118. 118. 123. 102.  98. 103.  96. 108. 124. 106. 120.
 122. 113. 101. 115.  99. 121. 104. 108. 100. 111. 105. 101. 104.  92.
 106. 103. 108. 103. 110.  89. 109. 111. 107.  97. 101.  91. 133. 115.
 104. 116. 128. 120. 120. 109. 112.  91. 111.  82. 103. 122. 103. 106.
 105. 101. 123.  93.  91. 103.  90. 114. 111. 122. 104. 104. 117. 112.
 130. 106. 111. 101. 111. 120. 114. 110. 113.  86. 120. 116. 105. 124.
 119. 111. 122. 116. 110. 113.  91.  98.  86. 109. 124. 116. 119. 107.
 104. 118.]"
490,"[122. 111. 102. 128. 124. 125. 103. 105. 111.  96. 103. 128.  96. 119.
 124. 107. 101. 123. 115. 120. 111. 108. 103. 111. 110.  95. 108.  90.
 112. 104. 109.  90. 111.  87. 109.  99. 105.  98.  96.  88. 118. 122.
 108. 113. 120. 120. 116. 119. 110.  88. 115.  85. 100. 116.  97. 111.
 104. 102. 115.  98.  94. 104. 109. 124. 116. 119. 102. 115. 121. 105.
 123. 104. 109.  97. 115. 118. 124. 108. 108.  88. 111. 119. 107. 133.
 116. 114. 122. 126. 104. 116.  93. 103.  86. 124. 125. 112. 123. 111.
 104. 120.]"
500,"[114. 111.  98. 115. 122. 118. 100.  97. 109.  95. 108. 124.  98. 124.
 122. 114.  98. 113.  99. 124. 102. 110. 110. 115. 112. 100. 110. 102.
 111. 102. 103.  96. 112.  95.  99. 106. 105.  96. 100.  88. 121. 118.
 111. 118. 123. 124. 113. 112. 112.  95. 112.  87. 102. 119.  92. 104.
 110. 104. 121.  98.  92. 112.  94. 112. 108. 115. 107.  99. 120. 107.
 123.  99. 107.  97. 106. 118. 110. 108. 114.  89. 115. 120. 105. 129.
 118. 114. 118. 122. 103. 115.  96. 101.  91. 121. 121. 112. 129. 107.
 106. 111.]"
510,"[114. 107. 100. 119. 123. 124.  96.  99. 107.  95. 102. 129.  97. 115.
 117. 110. 100. 108.  98. 126. 113. 108. 106. 113. 111.  95. 110.  95.
 106. 101. 114.  96. 115.  90. 101. 106. 105. 101.  98.  87. 117. 113.
 110. 118. 118. 124. 115. 121. 105.  97. 117.  87. 108. 113.  94. 106.
 107. 102. 123.  99.  93. 107.  94. 128. 110. 117. 106. 108. 120. 109.
 124. 106. 112. 100. 106. 120. 109. 107. 108.  94. 116. 126. 103. 137.
 114. 118. 121. 132. 106. 114.  97.  94.  89. 116. 121. 115. 123. 109.
 100. 127.]"
520,"[111. 109.  99. 120. 123. 120.  97.  97. 107.  93. 107. 126. 102. 121.
 122. 113. 102. 114.  98. 122. 111. 114. 100. 115. 109. 108. 107.  87.
 107. 105. 108.  94. 114.  98. 103. 104. 108. 102. 100.  86. 118. 122.
 106. 111. 128. 122. 118. 114. 110.  99. 116.  81. 109. 126. 104. 112.
 106.  98. 132. 101.  94. 106.  96. 118. 104. 114. 112. 107. 120. 105.
 123. 112. 111.  98. 110. 120. 110. 110. 114.  90. 115. 127. 109. 133.
 114. 117. 123. 120. 108. 116.  91.  95.  89. 123. 122. 112. 125. 114.
 104. 126.]"
530,"[123. 107. 103. 120. 119. 120.  98.  96. 108.  92. 104. 126. 101. 120.
 121. 112.  96. 121. 105. 125. 118. 108. 102. 111. 115. 100. 109.  94.
 109. 103. 106. 101. 106.  91. 105. 103. 110.  96.  99.  87. 115. 115.
 105. 108. 116. 124. 113. 107. 107.  95. 119.  92. 103. 117.  92. 104.
 108. 102. 123.  98.  92. 103.  94. 122. 112. 122. 105. 106. 118. 105.
 125. 103. 111. 104. 105. 119. 108. 111. 110.  92. 112. 121. 107. 132.
 109. 122. 119. 123. 108. 120.  94. 105.  83. 111. 127. 115. 125. 114.
 108. 120.]"
540,"[106. 108.  94. 126. 126. 132.  96.  98. 109.  90. 105. 124. 100. 128.
 120. 117. 102. 115. 101. 127. 111. 110. 100. 109. 111. 103. 113.  88.
 110. 100. 113.  87. 114.  89. 100. 104. 106.  99.  97.  82. 118. 115.
 107. 108. 115. 125. 110. 109. 113.  88. 121.  87.  99. 117.  95. 108.
 107. 104. 125.  98.  91. 108.  96. 121. 112. 117. 103. 105. 120. 104.
 129. 104. 115.  97. 106. 116. 115. 108. 113.  97. 114. 122. 109. 128.
 117. 119. 122. 121. 108. 112.  99. 111.  88. 128. 130. 118. 123. 111.
 105. 121.]"
550,"[115. 110. 106. 120. 117. 120.  99. 106. 105. 101. 104. 125. 102. 123.
 126. 114. 111. 115. 102. 131. 105. 112. 114. 113. 111. 101. 108.  90.
 109. 107. 107. 101. 111.  99. 100. 107. 112.  97.  97.  92. 137. 115.
 108. 106. 133. 125. 120. 110. 112.  90. 121.  91. 101. 116.  98. 111.
 109. 102. 126.  97.  94. 101.  98. 122. 117. 107. 112. 107. 121. 103.
 131. 105. 112.  99. 112. 118. 112. 113. 112.  99. 115. 124. 117. 124.
 118. 118. 124. 124. 110. 121.  92.  99.  90. 121. 121. 114. 128. 120.
 102. 127.]"
560,"[118. 114. 100. 119. 126. 119.  97.  99. 124.  98. 111. 125.  93. 116.
 119. 114. 108. 120. 104. 129. 109. 113. 100. 113. 110. 100. 108.  89.
 102. 107. 108.  99. 115.  91. 102. 105. 103. 103.  99.  88. 116. 115.
 108. 109. 127. 121. 116. 110. 107.  93. 118.  87.  97. 120.  92. 104.
 107.  97. 120. 101.  98. 103.  96. 120. 112. 115. 106. 109. 119. 110.
 125. 111. 111. 108. 102. 121.  97. 107. 111.  93. 113. 124. 106. 139.
 116. 114. 122. 124. 107. 116.  97. 111.  88. 118. 119. 118. 125. 121.
 102. 125.]"
570,"[115. 110. 104. 112. 123. 117.  97. 101. 105.  97. 107. 125.  98. 123.
 118. 112. 102. 111. 100. 124. 109. 106. 105. 110. 111.  96. 105.  87.
 105. 103. 110.  97. 109.  90. 100. 110. 108.  99.  97.  91. 121. 115.
 108. 114. 121. 118. 111. 113. 116.  90. 113.  86. 107. 111. 104. 103.
 103.  97. 120. 104.  89. 106.  94. 122. 106. 119. 108. 105. 118. 106.
 124. 103. 110. 100. 107. 117. 107. 109. 113.  93. 111. 113. 106. 124.
 113. 117. 119. 127. 105. 117.  89.  96.  93. 121. 122. 116. 125. 117.
 104. 124.]"
580,"[114. 103.  98. 111. 121. 123.  95. 102. 105.  99. 103. 128. 100. 128.
 121. 130. 101. 114. 101. 123. 117. 112. 110. 110. 106.  98. 105.  91.
 105.  98. 108.  97. 108.  91. 108. 105. 114. 101.  98.  95. 123. 116.
 113. 114. 125. 125. 114. 107. 113.  93. 113.  83. 105. 114.  99. 104.
 108. 102. 128.  95.  93. 101.  94. 115. 108. 122. 106. 101. 116. 109.
 121. 104. 112.  97. 107. 115. 110. 111. 115.  88. 115. 127. 102. 125.
 119. 120. 123. 127. 107. 116.  95.  95.  89. 119. 122. 113. 124. 109.
 106. 127.]"
590,"[121. 103. 101. 111. 122. 117.  99.  99. 105.  93. 104. 130.  96. 120.
 123. 113. 101. 112. 112. 123. 108. 107. 106. 112. 109. 100. 112.  94.
 104. 104. 109.  92. 109.  90. 105. 106. 101.  96. 100.  87. 116. 107.
 105. 110. 125. 119. 117. 122. 107.  93. 115.  81.  98. 115. 100. 107.
 106.  94. 134.  97.  92. 111.  98. 116. 111. 114. 107. 100. 119. 112.
 130. 103. 110. 100. 111. 119. 106. 111. 112.  95. 115. 120. 108. 129.
 116. 120. 118. 133. 113. 117.  95. 105.  87. 111. 115. 114. 122. 108.
 101. 115.]"
600,"[111. 107.  95. 111. 121. 120.  99. 102. 112.  92. 107. 126.  94. 132.
 123. 112. 100. 108. 106. 121. 110. 105. 103. 109. 108.  98. 109.  86.
 109. 103. 109.  92. 112.  90. 101. 108. 110.  99.  95.  85. 120. 112.
 106. 107. 123. 120. 115. 116. 109.  94. 113.  84. 104. 114.  99. 108.
 107. 102. 130.  95. 103. 101.  98. 118. 104. 117. 103. 108. 118. 112.
 132. 106. 106.  99. 111. 122. 107. 107. 105.  93. 110. 121. 111. 124.
 119. 109. 122. 130. 108. 114. 101. 103.  88. 115. 116. 112. 120. 110.
 103. 121.]"
610,"[113. 110.  97. 119. 126. 124.  98. 102. 108.  93. 106. 133. 100. 114.
 119. 114.  98. 122. 106. 120. 109. 111.  99. 108. 103.  95. 108.  90.
 110. 101. 113.  92. 116.  91. 101. 105. 108.  99.  97.  85. 119. 110.
 106. 113. 119. 123. 120. 116. 109.  95. 113.  83. 101. 115.  97. 109.
 113.  98. 115.  97.  95. 104.  96. 117. 110. 111. 102. 110. 120. 111.
 125. 104. 110.  93. 106. 115. 100. 109. 108.  94. 109. 119. 104. 132.
 119. 110. 114. 121. 109. 116.  93. 103.  93. 117. 117. 114. 126. 110.
  99. 123.]"
620,"[108. 107.  95. 123. 120. 121.  99. 102. 110.  92. 103. 126. 101. 119.
 121. 142. 103. 114. 105. 121. 107. 111. 107. 116. 109.  98. 108.  91.
 105. 100. 107.  97. 116.  88. 101. 111. 108.  94.  99.  85. 115. 116.
  99. 112. 114. 120. 110. 118. 112.  93. 117.  84.  98. 114.  92. 107.
 107.  92. 134.  95.  92. 100.  98. 112. 109. 116.  99. 103. 120. 111.
 128. 108. 110.  98. 105. 117. 101. 111. 110.  89. 112. 120. 107. 126.
 112. 116. 122. 132. 107. 116.  93.  94.  90. 121. 123. 120. 128. 121.
 104. 123.]"
630,"[110. 104. 103. 114. 121. 122.  95.  98. 113.  95. 106. 127.  96. 138.
 121. 113. 105. 120. 105. 119. 109. 107. 100. 109. 110. 100. 108.  90.
 108. 100. 111.  97. 118.  90. 106. 109. 106.  97.  95.  88. 123. 121.
 106. 106. 123. 118. 125. 124. 113.  97. 114.  87. 104. 121.  98. 102.
 107. 108. 115.  97.  98. 103.  96. 120. 111. 117. 103. 106. 123. 105.
 128. 107. 109.  96. 110. 118. 110. 104. 111. 100. 114. 130. 106. 131.
 117. 111. 114. 132. 113. 115.  95.  96.  87. 121. 119. 115. 121. 117.
  99. 116.]"
640,"[119. 104. 103. 114. 122. 125.  99. 101. 113.  95. 108. 126.  96. 133.
 123. 118. 102. 108. 102. 119. 109. 110. 100. 120. 104. 100. 108.  88.
 107. 100. 102.  95. 114.  90. 111. 108. 106.  98.  99.  88. 114. 115.
 107. 112. 118. 118. 118. 121. 113.  97. 113.  88.  99. 121.  98. 107.
 108. 100. 123. 100. 104. 106.  98. 119. 115. 120. 100. 105. 122. 108.
 121. 101. 111.  93. 107. 117. 110. 107. 114.  92. 113. 119. 106. 128.
 115. 115. 120. 132. 109. 112.  96. 106.  92. 123. 121. 114. 121. 108.
 102. 120.]"
650,"[114. 107.  97. 114. 126. 117.  98.  99. 110.  92. 105. 129. 103. 135.
 123. 114. 101. 114. 101. 122. 108. 110. 103. 114. 103.  98. 107.  94.
 107. 101. 105.  97. 117.  87. 112. 101. 110.  96. 100.  87. 120. 113.
 111. 108. 121. 123. 116. 118. 112.  96. 113.  86.  98. 115.  95. 106.
 108.  99. 118. 100.  98. 101.  92. 119. 111. 120. 104. 105. 116. 113.
 122. 105. 113.  96. 106. 118. 110. 115. 114.  92. 111. 126. 104. 132.
 110. 112. 122. 132. 101. 112.  96. 115.  89. 113. 124. 117. 120. 119.
 102. 121.]"
660,"[116. 107. 100. 120. 124. 119.  95. 106. 109.  92. 105. 126.  95. 120.
 120. 108.  96. 108. 104. 119. 101. 110. 100. 110. 109. 111. 111.  92.
 109. 110. 104. 100. 110.  92. 107. 104. 112.  99.  93.  88. 121. 123.
 106. 118. 133. 121. 118. 116. 114.  88. 111.  87.  97. 116.  98. 116.
 109.  97. 112.  95.  94. 108.  95. 125. 114. 112. 103. 109. 119. 108.
 125. 105. 115.  99. 108. 119. 112. 112. 120.  93. 115. 122. 113. 131.
 116. 119. 121. 121. 105. 117.  91. 103.  88. 119. 126. 118. 123. 111.
 104. 118.]"
670,"[113. 108. 103. 120. 120. 120.  95.  97. 110.  95. 109. 130. 102. 115.
 125. 114. 106. 116. 103. 121. 107. 106. 105. 111. 106. 109. 107.  86.
 110. 104. 111. 102. 113.  87. 105. 107. 106.  97.  96.  85. 129. 114.
 110. 106. 120. 121. 117. 117. 110.  97. 114.  87.  98. 121.  95. 112.
 107. 105. 131. 100.  95. 114.  97. 122. 115. 114. 100. 107. 124. 112.
 125. 101. 113.  99. 107. 118. 110. 107. 119.  96. 121. 115. 109. 128.
 115. 113. 120. 116. 113. 116.  94.  98.  87. 124. 128. 121. 124. 106.
 102. 122.]"
680,"[117. 107. 105. 114. 129. 123.  98.  97. 123. 102. 106. 128. 101. 116.
 122. 115. 100. 115. 102. 125. 107. 105. 112. 108. 112.  99. 105.  93.
 110. 109. 108.  96. 118.  94. 100. 109. 102.  95. 100.  87. 115. 110.
 105. 106. 133. 123. 116. 114. 107. 100. 114.  89. 103. 115.  95. 104.
 108. 104. 127.  94.  93. 103.  98. 120. 112. 118. 106. 104. 122. 112.
 135. 103. 111.  98. 111. 117. 125. 106. 117.  91. 111. 118. 107. 128.
 116. 112. 124. 132. 106. 115.  99.  97.  87. 111. 119. 115. 130. 109.
  99. 117.]"
690,"[115. 108. 112. 120. 123. 125. 100.  99. 103. 102. 100. 133.  96. 123.
 123. 112. 100. 105. 103. 126. 108. 114. 103. 116. 112. 108. 107.  92.
 108. 106. 104. 100. 111.  88. 108. 112. 107. 102. 101.  90. 117. 115.
 104. 110. 127. 119. 118. 114. 113.  97. 110.  94. 101. 126.  96. 117.
 107.  97. 115.  98.  90. 101.  94. 118. 113. 116. 104. 107. 135. 107.
 135. 104. 115. 102. 117. 119. 110. 104. 109.  97. 119. 125. 106. 126.
 114. 114. 119. 132. 105. 117.  99.  97.  88. 117. 126. 112. 126. 109.
 106. 119.]"
700,"[109. 108.  98. 111. 122. 121.  95. 108. 104.  96. 107. 128.  93. 128.
 124. 118. 100. 108.  99. 123. 108. 114. 100. 112. 106. 101. 107.  90.
 110. 104. 102.  97. 126.  89. 103. 108. 103. 100.  98.  88. 114. 118.
 106. 111. 112. 121. 116. 107. 111.  89. 116.  89. 108. 120.  96. 109.
 106.  96. 111. 100.  93. 105.  98. 124. 108. 117. 103. 107. 118. 112.
 131. 106. 112. 100. 106. 119. 110. 108. 116.  97. 113. 125. 107. 125.
 114. 116. 125. 132. 109. 116.  96.  99.  85. 114. 121. 114. 121. 109.
 102. 119.]"
710,"[111. 114.  98. 127. 126. 122.  93. 105. 105. 103. 102. 123.  94. 136.
 120. 116. 102. 108. 100. 122. 113. 116. 107. 111. 108.  99. 109.  86.
 110. 107. 108. 101. 114.  94. 100. 111. 110.  99. 100.  89. 118. 116.
 107. 116. 119. 116. 109. 115. 110.  95. 123.  90. 102. 123. 100. 109.
 110. 102. 115. 103. 100. 104. 100. 126. 109. 113. 101. 109. 123. 109.
 134. 101. 114.  95. 107. 119. 113. 109. 121.  94. 113. 119. 105. 124.
 115. 118. 131. 132. 109. 113.  93. 103.  88. 114. 126. 119. 123. 112.
 101. 118.]"
720,"[114. 108. 101. 114. 127. 118.  99. 104. 108.  95. 103. 134.  98. 135.
 121. 116. 103. 108.  99. 129. 117. 120. 100. 110. 110. 100. 107.  95.
 108. 106. 113.  93. 114.  99. 110. 104. 105.  98. 100.  88. 118. 116.
 110. 107. 122. 123. 115. 115. 111.  99. 122.  92. 104. 122.  98. 109.
 110. 104. 117. 100.  93. 100. 100. 118. 117. 115. 106. 108. 123. 112.
 130. 110. 114. 103. 106. 118. 110. 108. 115.  98. 113. 115. 103. 127.
 119. 118. 119. 132. 104. 116.  96. 103.  88. 113. 118. 111. 125. 113.
 104. 116.]"
730,"[109. 108. 103. 116. 121. 117. 102. 100. 110.  92. 108. 133.  97. 123.
 129. 115.  99. 114.  99. 122. 135. 109. 104. 113. 109. 102. 108.  93.
 108.  99. 109. 102. 117.  99. 105. 104. 113.  98. 100.  98. 121. 116.
 110. 113. 118. 126. 117. 114. 116.  91. 122.  92. 106. 124.  96. 109.
 111. 103. 133.  94.  91. 104.  99. 128. 113. 120. 106. 112. 122. 111.
 125. 106. 114.  99. 107. 117. 110. 114. 112.  95. 113. 123. 105. 126.
 115. 118. 126. 130. 102. 115.  97. 110.  90. 114. 120. 110. 124. 109.
 105. 124.]"
740,"[114. 112. 101. 120. 122. 123. 100. 101. 104.  94. 106. 126.  96. 120.
 123. 113.  96. 114. 100. 123. 118. 109. 107. 114. 110.  96. 107.  98.
 109. 104. 110.  94. 118.  92. 106. 110. 105.  98.  98.  90. 130. 118.
 106. 113. 126. 123. 114. 121. 110.  93. 113.  92. 110. 122.  98. 108.
 109. 104. 131.  98.  97. 101. 101. 124. 112. 117. 102. 107. 120. 112.
 131. 108. 113.  95. 109. 118. 100. 115. 114.  98. 116. 124. 107. 131.
 114. 118. 124. 128. 106. 118.  96. 106.  90. 113. 118. 116. 123. 115.
 101. 121.]"
750,"[113. 105. 101. 116. 137. 123. 106. 106. 107.  93. 107. 130. 108. 121.
 124. 115. 102. 117. 102. 122. 111. 113. 111. 114. 111. 103. 107.  93.
 107.  99. 104.  98. 114.  91. 108. 108. 106.  97. 101.  88. 115. 111.
 111. 115. 125. 125. 115. 114. 112.  92. 118.  92. 111. 121.  93. 106.
 110.  96. 130. 100.  88. 105.  94. 119. 108. 120. 108. 109. 122. 111.
 131. 105. 118.  98. 113. 113. 100. 112. 111.  89. 110. 125. 111. 131.
 112. 113. 120. 124. 102. 116.  94. 105.  90. 121. 128. 116. 122. 117.
 102. 119.]"
760,"[112. 111.  97. 117. 121. 123. 103. 100. 108.  99. 106. 128.  99. 115.
 119. 113. 101. 112. 102. 121. 106. 117. 107. 110. 113.  96. 110.  91.
 108.  99. 103. 101. 116.  92. 110. 104. 109.  96. 103.  91. 120. 111.
 107. 108. 124. 122. 123. 111. 113. 101. 116.  92. 107. 115.  95. 105.
 105. 105. 120.  96.  90. 101.  95. 128. 116. 120. 105. 106. 120. 109.
 125. 112. 109.  98. 108. 117. 102. 113. 109.  93. 113. 122. 109. 135.
 112. 116. 121. 114. 104. 118.  92. 103.  85. 132. 125. 110. 130. 114.
 105. 120.]"
770,"[110. 107.  99. 120. 123. 121.  97.  99. 123. 103. 102. 125. 100. 126.
 122. 116.  99. 111. 102. 129. 116. 107. 102. 109. 108.  98. 110.  88.
 112. 103. 115. 102. 117.  89. 100. 105. 107. 100.  97.  89. 124. 119.
 105. 113. 125. 118. 123. 111. 112.  93. 113.  89. 104. 116.  98. 111.
 112. 101. 118. 100.  95. 100. 103. 118. 115. 116. 101. 107. 122. 112.
 129. 107. 109.  98. 106. 118. 112. 108. 113.  93. 119. 119. 109. 133.
 115. 116. 120. 121. 103. 114.  94. 105.  87. 116. 129. 116. 129. 106.
 102. 120.]"
780,"[117. 115. 102. 111. 123. 119. 102.  96. 109.  92. 108. 125.  99. 134.
 119. 116. 101. 113.  97. 125. 105. 109.  99. 114. 116.  96. 105.  90.
 103. 105. 102. 102. 115.  93. 113. 104. 104.  98. 101.  95. 116. 113.
 108. 105. 128. 120. 112. 112. 112.  93. 114.  84. 104. 110.  97. 103.
 112. 108. 127.  95.  89. 104. 103. 113. 116. 122. 101. 107. 118. 105.
 122. 109. 105.  96. 108. 119. 113. 107. 114.  88. 110. 127. 103. 129.
 114. 111. 120. 132. 110. 116.  96. 103.  87. 118. 114. 117. 121. 106.
 105. 115.]"
790,"[113. 107.  98. 120. 122. 121. 100. 100. 111.  91. 106. 124.  98. 120.
 120. 118.  96. 121.  99. 124. 113. 109. 114. 109. 109.  96. 109.  91.
 107.  99. 102.  94. 113.  88. 103. 106. 108.  98. 105.  83. 115. 118.
 109. 118. 128. 122. 113. 119. 111.  97. 109.  92. 108. 122.  98. 104.
 110. 101. 118.  97.  89. 101.  98. 118. 106. 119. 103. 102. 121. 111.
 125. 104. 110.  94. 108. 115. 107. 105. 115.  94. 109. 117. 113. 128.
 116. 118. 115. 132. 107. 118.  92. 107.  87. 114. 120. 115. 124. 117.
 108. 121.]"
800,"[114. 110.  96. 120. 122. 122.  97.  95. 110.  91. 106. 124.  99. 137.
 119. 113.  98. 120. 102. 125. 118. 105. 112. 115. 109.  96. 104.  92.
 113.  99. 108.  97. 117.  90. 102. 101. 104. 100. 103.  88. 114. 114.
 107. 106. 129. 131. 113. 116. 112.  94. 113.  89. 101. 115.  98. 102.
 109.  97. 134.  94.  89. 104.  98. 128. 114. 116.  99. 108. 123. 111.
 125. 104. 110.  95. 108. 123. 107. 105. 113.  91. 114. 123. 104. 134.
 114. 114. 120. 132. 105. 114.  93. 103.  87. 108. 121. 114. 126. 112.
 108. 121.]"
810,"[110. 108. 102. 120. 125. 124. 100.  99. 107.  97. 108. 128.  99. 112.
 122. 115. 100. 114. 103. 123. 116. 105. 104. 115. 107.  98. 108.  91.
 112. 109. 106. 114. 110.  92. 107. 104. 105. 107.  97.  90. 116. 111.
 113. 112. 125. 128. 120. 114. 111.  97. 115.  87. 105. 112. 101. 107.
 116. 104. 125.  97.  92. 106.  94. 121. 109. 117. 105. 111. 115. 112.
 132. 100. 111. 108. 107. 118. 101. 114. 107.  90. 107. 117. 103. 127.
 118. 111. 123. 128. 104. 113.  93. 109.  90. 114. 116. 114. 128. 114.
 104. 131.]"
820,"[117. 108.  97. 120. 126. 121.  92.  98. 110.  92. 108. 125. 102. 119.
 120. 121. 103. 109. 101. 131. 111. 110. 104. 112. 110.  98. 112.  88.
 103. 111. 108.  97. 112.  91. 102. 100. 110. 103.  96.  86. 129. 117.
 107. 109. 107. 124. 119. 120. 116.  87. 123.  86. 104. 117.  96. 106.
 106.  95. 118.  97.  94. 104.  97. 118. 109. 118.  99. 109. 119. 113.
 128. 104. 107. 104. 112. 121. 100. 110. 116.  89. 115. 120. 104. 131.
 115. 112. 120. 132. 101. 115.  94. 103.  94. 115. 121. 111. 122. 114.
 108. 128.]"
830,"[117. 108.  99. 115. 119. 123.  98.  95. 117.  94. 101. 127. 103. 120.
 121. 119. 104. 124. 102. 118. 111. 104. 111. 111. 108. 101. 111.  90.
 104. 101. 103.  96. 109. 103. 107. 114. 106.  96. 103.  90. 130. 113.
 112. 106. 121. 127. 123. 115. 108.  89. 116.  92.  99. 126. 100. 103.
 110.  94. 115.  99.  94. 100. 100. 118. 109. 110. 102. 102. 119. 111.
 122. 106. 110.  99. 108. 117. 106. 117. 114.  91. 119. 116. 107. 130.
 117. 113. 123. 119. 105. 115.  97. 108.  87. 116. 123. 120. 121. 111.
 109. 128.]"
840,"[118. 111.  99. 120. 123. 121. 100. 102. 121.  90. 107. 124.  99. 123.
 123. 121.  98. 117. 104. 135. 116. 114. 104. 113. 115. 108. 108.  90.
 107. 102. 105.  95. 118.  93. 107. 100. 113. 101.  95.  88. 117. 112.
 111. 108. 119. 120. 110. 116. 112.  98. 111.  87.  98. 120. 103. 109.
 112.  96. 116.  97.  98. 108.  99. 116. 110. 116. 101. 103. 127. 107.
 129. 102. 109.  98. 108. 115. 105. 112. 115.  90. 112. 121. 109. 131.
 116. 117. 125. 132. 106. 115.  96. 111.  94. 129. 131. 117. 129. 108.
 104. 122.]"
850,"[120. 113.  98. 120. 121. 119. 103.  94. 106.  96. 107. 130.  99. 136.
 125. 125. 109. 129. 105. 120. 111. 114. 106. 117. 114. 100. 111.  87.
 111. 105. 111.  95. 110.  91. 108. 106. 107.  93.  97.  97. 118. 116.
 103. 110. 117. 119. 116. 115. 110.  93. 114.  88.  98. 113. 101. 108.
 111. 104. 120.  95. 113. 101. 100. 128. 110. 112. 101. 112. 121. 111.
 128. 106. 132. 108. 112. 119. 111. 111. 122.  92. 116. 124. 107. 137.
 111. 114. 123. 126. 106. 120.  95. 113.  88. 117. 122. 113. 124. 115.
 102. 118.]"
860,"[114. 110. 106. 120. 124. 126. 101. 102. 116.  98. 106. 134. 100. 136.
 127. 121. 103. 110. 105. 120. 112. 114. 110. 113. 115. 116. 109.  86.
 108. 106. 109.  94. 110.  95. 116. 107. 111.  96. 104.  90. 119. 116.
 107. 113. 127. 130. 118. 115. 112.  93. 116.  90. 108. 118. 102. 109.
 114. 103. 128.  98. 109. 104. 101. 126. 108. 117. 104. 108. 128. 112.
 130. 106. 109. 101. 116. 121. 116. 116. 114.  94. 123. 121. 106. 130.
 123. 113. 119. 119. 105. 120. 102. 110.  91. 119. 131. 116. 125. 120.
 105. 127.]"
870,"[113. 109. 100. 111. 128. 125.  96. 100. 108.  94. 107. 130.  95. 123.
 119. 112. 100. 120. 100. 122. 109. 107. 105. 110. 114. 102. 109.  90.
 108. 107. 104.  97. 112.  92. 102. 112. 110.  98.  99.  92. 121. 110.
 107. 113. 122. 120. 118. 118. 112.  93. 111.  97. 102. 109. 102. 102.
 112. 102. 122.  93.  91. 110.  97. 121. 108. 119. 103. 104. 120. 108.
 128. 111. 108.  94. 108. 120. 112. 110. 114.  91. 110. 123. 111. 130.
 116. 118. 121. 121. 104. 125.  92. 105.  85. 114. 127. 115. 126. 118.
 101. 124.]"
880,"[108. 112. 101. 120. 122. 122.  95.  99. 124. 102. 106. 124.  99. 125.
 125. 114.  98. 110. 102. 128. 114. 109. 104. 111. 114.  98. 113.  91.
 104. 102. 102.  93. 109.  93. 101. 105. 106.  96.  98.  91. 118. 116.
 110. 113. 128. 123. 120. 114. 112.  98. 111.  89. 102. 122.  96. 111.
 111.  97. 122. 100.  99. 105.  96. 121. 115. 111. 106. 112. 120. 112.
 131. 103. 117.  95. 109. 121. 119. 114. 117.  95. 111. 121. 107. 132.
 114. 116. 122. 129. 109. 115.  96. 108.  92. 114. 124. 119. 124. 110.
 101. 118.]"
890,"[115. 112. 101. 120. 121. 119.  92.  98. 117.  97. 104. 126.  99. 121.
 122. 113. 102. 112. 102. 121. 110. 105. 114. 109. 107.  99. 108.  90.
  98. 104. 109.  95. 107.  96. 100. 105. 110.  97.  98.  92. 117. 112.
 102. 116. 119. 127. 116. 110. 116.  96. 119.  89. 108. 113. 102. 106.
 107.  96. 118.  98. 107. 102.  99. 132. 108. 124. 107. 101. 117. 109.
 133. 102. 106.  98. 116. 119. 112. 115. 114.  93. 115. 123. 105. 132.
 115. 123. 132. 116. 105. 120.  99. 104.  89. 117. 122. 111. 124. 110.
 101. 125.]"
900,"[109. 113. 101. 120. 128. 122.  97.  97. 108.  98. 103. 125.  98. 117.
 120. 111. 103. 116. 104. 121. 107. 106. 101. 113. 109. 104. 104.  96.
 105. 107. 103.  95. 116.  94. 105. 104. 107. 100. 100.  96. 117. 111.
 101. 110. 121. 126. 117. 110. 115.  93. 116.  87. 106. 118. 101. 116.
 105.  97. 113.  92. 108. 105. 103. 123. 122. 117. 105. 114. 118. 111.
 132. 111. 111.  97. 108. 121. 117. 107. 113.  94. 112. 116. 109. 129.
 114. 117. 124. 117. 109. 114. 101. 102.  89. 127. 122. 117. 128. 118.
 104. 114.]"
910,"[116. 118. 100. 119. 119. 118.  99. 103. 101.  97. 105. 126.  98. 132.
 118. 115. 104. 111. 100. 119. 102. 108. 101. 115. 108. 111. 108.  88.
 104. 107. 101. 101. 108.  90. 104. 105. 105.  96.  99.  89. 118. 114.
 110. 116. 108. 126. 113. 118. 117.  93. 116.  84. 107. 114.  97. 105.
 105. 102. 130.  95.  96. 103.  94. 127. 110. 114. 106. 110. 119. 111.
 129. 109. 104.  97. 119. 117. 101. 116. 112.  98. 113. 119. 108. 128.
 117. 117. 130. 123. 114. 112.  95.  93.  85. 126. 121. 116. 125. 111.
 100. 115.]"
920,"[113. 112. 103. 120. 122. 121.  99.  99. 109.  92. 106. 126.  98. 123.
 121. 113. 103. 119. 102. 123. 111. 107. 115. 110. 115.  99. 107.  93.
 103. 102. 108. 102. 117.  90. 104. 105. 107. 100. 100.  89. 122. 118.
 109. 113. 126. 128. 116. 119. 112.  94. 121.  87.  99. 114.  99. 111.
 118.  99. 116.  93.  90. 105.  99. 123. 111. 118. 106. 101. 126. 108.
 125. 107. 113.  93. 107. 114. 124. 115. 107.  96. 114. 122. 112. 138.
 115. 114. 123. 124. 107. 127.  93. 104.  89. 120. 121. 120. 128. 110.
 102. 143.]"
930,"[108. 108.  99. 120. 120. 122.  99.  98. 109.  95. 108. 131.  99. 116.
 123. 122.  99. 111. 102. 124. 110. 112. 100. 110. 117. 113. 105.  90.
 105. 105. 106. 102. 117.  89. 116. 103. 102. 101. 100.  97. 118. 114.
 101. 109. 127. 140. 113. 110. 114.  97. 112.  86. 101. 114.  98. 107.
 110. 101. 129.  95.  99. 102. 103. 120. 113. 122. 106. 107. 122. 112.
 125. 111. 109.  99. 108. 125. 114. 111. 108.  95. 109. 119. 106. 131.
 115. 117. 124. 119. 108. 114.  96.  98.  90. 119. 124. 115. 124. 112.
 107. 133.]"
940,"[113. 111.  99. 120. 136. 122. 101. 102. 105.  97. 106. 127. 100. 116.
 122. 118. 104. 120.  99. 121. 109. 113. 101. 111. 110. 100. 114.  89.
 108. 101. 104.  94. 117.  85. 105. 104. 103. 101.  98.  93. 127. 116.
 106. 111. 126. 133. 114. 103. 111.  96. 114.  82. 107. 116.  95. 108.
 107. 113. 115. 102.  96. 102.  98. 121. 109. 116. 105. 105. 118. 109.
 126. 105. 107.  94. 116. 116. 109. 113. 115.  97. 114. 123. 102. 127.
 115. 118. 119. 119. 104. 117.  96. 104.  92. 120. 120. 116. 129. 112.
 100. 126.]"
950,"[109. 110. 102. 117. 119. 122.  99. 102. 111. 100. 105. 128.  98. 119.
 120. 114. 100. 114. 101. 123. 110. 111. 101. 118. 110. 104. 109.  90.
 114.  99. 103. 101. 117.  86. 100. 100. 106.  99.  99.  87. 117. 114.
 103. 113. 112. 130. 117. 113. 117.  95. 121.  97. 104. 115.  97. 108.
 107.  99. 120.  94.  90.  98. 108. 123. 108. 122. 106. 108. 123. 112.
 135. 108. 108.  96. 109. 118. 102. 109. 118. 101. 120. 122. 107. 132.
 115. 117. 129. 131. 110. 113.  91.  96.  88. 113. 132. 115. 125. 118.
 104. 119.]"
960,"[113. 113. 101. 120. 123. 124.  99. 103. 109. 100. 108. 132. 103. 123.
 118. 116. 112. 117. 103. 123. 110. 110. 103. 113. 113.  96. 111.  93.
 113. 110. 107. 100. 109.  89. 107. 107. 109.  98. 104.  88. 124. 111.
 107. 110. 123. 122. 118. 112. 112.  89. 113.  86. 101. 116.  96. 109.
 103.  99. 123.  95.  98. 110.  98. 121. 121. 117. 110. 109. 121. 109.
 135. 108. 113.  99. 105. 118. 109. 113. 109.  94. 119. 122. 109. 130.
 125. 116. 128. 123. 107. 123.  98.  98.  94. 119. 122. 117. 128. 111.
 108. 121.]"
970,"[120. 115. 105. 120. 126. 126.  97. 105. 121. 100. 107. 126. 101. 125.
 122. 120. 100. 122. 104. 119. 111. 109. 109. 115. 113. 118. 110.  91.
 108. 111. 106.  95. 113.  93. 104. 106. 109. 102. 100.  97. 121. 120.
 114. 114. 131. 129. 122. 111. 115.  91. 117.  90.  94. 116.  97. 112.
 107. 107. 128.  91.  98. 105.  98. 124. 114. 120. 107. 107. 119. 118.
 128. 102. 121.  95. 109. 118. 108. 111. 119.  93. 113. 121. 112. 131.
 119. 116. 128. 126. 105. 123.  98. 100.  90. 116. 127. 116. 124. 111.
 102. 128.]"
980,"[111. 114. 100. 120. 124. 121. 100. 101. 111. 100. 107. 130.  99. 125.
 122. 115.  99. 129. 104. 125. 107. 112. 103. 115. 111. 103. 107.  95.
 104. 105. 105.  94. 109.  93. 100. 107. 109.  99. 100.  90. 123. 118.
 111. 109. 119. 125. 117. 106. 118.  91. 113.  90. 110. 124. 103. 110.
 111.  99. 120.  94.  98. 104.  98. 123. 113. 119. 107. 111. 127. 112.
 128. 102. 109.  97. 111. 117. 120. 115. 115.  94. 113. 119. 109. 134.
 117. 116. 125. 121. 108. 126.  98.  95.  93. 119. 122. 118. 121. 113.
 106. 125.]"
990,"[109. 108.  99. 120. 123. 124.  99.  97. 112. 103. 106. 124.  99. 135.
 122. 116. 105. 125. 102. 118. 112. 110. 106. 114. 111. 103. 112.  95.
 107. 106. 108.  93. 112.  88. 105. 101. 115.  96.  99.  90. 137. 116.
 109. 118. 122. 123. 114. 110. 115.  93. 112.  92. 110. 116. 104. 108.
 112.  96. 113.  96.  93. 107.  94. 127. 116. 115. 102. 117. 117. 110.
 131. 109. 113. 104. 110. 122. 131. 109. 109.  93. 115. 118. 108. 138.
 124. 123. 122. 133. 104. 117.  98. 112.  90. 123. 128. 111. 126. 113.
 106. 132.]"
1000,"[115. 109.  97. 120. 127. 119.  96. 104. 108.  97. 108. 120.  96. 119.
 125. 113.  99. 109. 108. 125. 114. 111. 102. 116. 114. 111. 109.  91.
 109. 100. 107. 100. 109.  89. 102. 104. 107.  98.  98.  88. 121. 120.
 110. 114. 114. 121. 119. 106. 109.  94. 113.  87. 102. 121. 100. 110.
 111.  99. 132.  93.  91. 103.  93. 127. 110. 118. 110. 110. 118. 112.
 131. 108. 110.  98. 102. 112. 105. 112. 118.  95. 115. 114. 106. 129.
 116. 117. 124. 120. 107. 119.  97.  98.  89. 119. 128. 115. 122. 110.
 106. 117.]"
